region_id,region_label,region_bbox_cx,region_bbox_cy,region_bbox_cz,region_bbox_xlength,region_bbox_ylength,region_bbox_zlength,region_bbox_heading
0,47204840,0.5631049275398254,1.752004861831665,-0.04499995708465576,4.869410037994385,5.844009876251221,2.759999990463257,0
