region_id,region_label,region_bbox_cx,region_bbox_cy,region_bbox_cz,region_bbox_xlength,region_bbox_ylength,region_bbox_zlength,region_bbox_heading
0,bedroom,0.10655447,-0.31046733,4.08751222,4.18013625,8.08272244,2.84436836,6.278373619262206
1,corridor,3.66720341,-2.97204946,1.39810654,2.23935906,11.17767733,2.7314005,1.574263880979313
2,livingroom,3.58524903,0.85110725,1.2813705,5.63582718,10.98320993,2.93367214,4.7122987205078894
